a,ka,hgg,callret-3,callret-4
http://le-online.de/place/1000,http://le-online.de/place/alter-johannisfriedhof,http://le-online.de/place/alterjohannisfriedhof,"Adresse(Prager Straße ,04103,Leipzig)",Point(12.3953192 51.3321392)
http://le-online.de/place/1001,http://le-online.de/place/botanischer-garten-der-universitaet-leipzig,http://le-online.de/place/botanischergartenderuniversitaetleipzig,"Adresse(Linnéstr. 1,04103,Leipzig)",Point(12.39259 51.32999)
http://le-online.de/place/1002,http://le-online.de/place/duft--und-tastgarten-am-botanischen-garten,http://le-online.de/place/duftundtastgartenambotanischengarten,"Adresse(Friedenspark - Am Hospitaltor,04103,Leipzig)",Point(12.3891818 51.3302732)
http://le-online.de/place/1003,http://le-online.de/place/freizeitpark-loessnig,http://le-online.de/place/freizeitparkloessnig,"Adresse(Am Silbersee,04279,Leipzig)",Point( )
http://le-online.de/place/1004,http://le-online.de/place/stadtgarten-connewitz,http://le-online.de/place/stadtgartenconnewitz,"Adresse(Kohrener Str. / Burgstädter Str. - Eingang Kohrener Str.,04277,Leipzig)",Point(12.3850938 51.30352)
http://le-online.de/place/1006,http://le-online.de/place/volkspark-kleinzschocher,http://le-online.de/place/volksparkkleinzschocher,"Adresse(Küchenholzwiese,04249,Leipzig)",Point(12.2965373 51.2789889)
http://le-online.de/place/1007,http://le-online.de/place/wildpark-der-stadt-leipzig,http://le-online.de/place/wildparkderstadtleipzig,"Adresse(Koburger Straße 12a,04277,Leipzig)",Point(12.372148 51.2978292)
http://le-online.de/place/1008,http://le-online.de/place/zoologischer-garten-leipzig-(gmbh),http://le-online.de/place/zoologischergartenleipziggmbh,"Adresse(Pfaffendorfer Str. 29,04105,Leipzig)",Point(12.3689185 51.3516682)
http://le-online.de/place/1009,http://le-online.de/place/europa---haus-leipzig-e.v.,http://le-online.de/place/europahausleipzigev,"Adresse(Markt 10 / Handwerkerpassage,04109,Leipzig)",Point(12.3736659 51.3406761)
http://le-online.de/place/1010,http://le-online.de/place/institut-francais-de-leipzig,http://le-online.de/place/institutfrancaisdeleipzig,"Adresse(Thomaskirchhof 20 - 2. Etage,04109,Leipzig)",Point(12.3720464 51.3398754)
http://le-online.de/place/1011,http://le-online.de/place/polnisches-institut,http://le-online.de/place/polnischesinstitut,"Adresse(Markt 10,04109,Leipzig)",Point(12.3737552 51.3406878)
http://le-online.de/place/1012,http://le-online.de/place/generalkonsulat-der-usa,http://le-online.de/place/generalkonsulatderusa,"Adresse(Wilhelm-Seyfferth-Str. 4,04107,Leipzig)",Point(12.36772 51.33389)
http://le-online.de/place/1013,http://le-online.de/place/schwedisches-honorarkonsulat,http://le-online.de/place/schwedischeshonorarkonsulat,"Adresse(Messe - Allee 2,04356,Leipzig)",Point(12.3958258 51.3939529)
http://le-online.de/place/1014,http://le-online.de/place/bibliotheca-albertina---universitaetsbibliothek-leipzig,http://le-online.de/place/bibliothecaalbertinauniversitaetsbibliothekleipzig,"Adresse(Beethovenstr. 6,04107,Leipzig)",Point(12.36854 51.33241)
http://le-online.de/place/1015,http://le-online.de/place/cospuden---parkfoyer_infopoint,http://le-online.de/place/cospudenparkfoyerinfopoint,"Adresse(Brückenstr.,04249,Leipzig)",Point(12.3348431 51.2992738)
http://le-online.de/place/1016,http://le-online.de/place/kunsthalle-der-sparkasse-leipzig,http://le-online.de/place/kunsthalledersparkasseleipzig,"Adresse(Otto-Schill-Str. 4a,04109,Leipzig)",Point(12.36986 51.33842)
http://le-online.de/place/1017,http://le-online.de/place/durchblick-galerie,http://le-online.de/place/durchblickgalerie,"Adresse(Mainzer Str. 7,04109,Leipzig)",Point(12.355162 51.3366482)
http://le-online.de/place/1018,http://le-online.de/place/phyllodrom-e.v.,http://le-online.de/place/phyllodromev,"Adresse(Delitzscher Landstr. 38,04158,Leipzig)",Point(12.3770428 51.391676)
http://le-online.de/place/1019,http://le-online.de/place/plagwitz---konsumgenossenschaft-leipzig-eg,http://le-online.de/place/plagwitzkonsumgenossenschaftleipzigeg,"Adresse(Industriestr. 85 - 95,04229,Leipzig)",Point(12.3298173 51.3280202)
http://le-online.de/place/1020,http://le-online.de/place/rathaussaal---rathaus-wiederitzsch,http://le-online.de/place/rathaussaalrathauswiederitzsch,"Adresse(Delitzscher Landstr. 55,04158,Leipzig - Wiederitzsch)",Point(12.37363 51.39367)
http://le-online.de/place/1021,http://le-online.de/place/galerie-am-nikolaikirchhof-(verkaufsgalerie),http://le-online.de/place/galerieamnikolaikirchhofverkaufsgalerie,"Adresse(Ritterstr. 5,04109,Leipzig)",Point(12.3791334 51.3409045)
http://le-online.de/place/1022,http://le-online.de/place/galerie-fÜr-zeitgenÖssische-kunst-leipzig---altbau,http://le-online.de/place/galeriefrzeitgenssischekunstleipzigaltbau,"Adresse(Karl-Tauchnitz-Str. 11,04107,Leipzig)",Point(12.36529 51.33396)
http://le-online.de/place/1023,http://le-online.de/place/galerie-fÜr-zeitgenÖssische-kunst-leipzig---neubau,http://le-online.de/place/galeriefrzeitgenssischekunstleipzigneubau,"Adresse(Karl-Tauchnitz-Str. 11,04107,Leipzig)",Point(12.36529 51.33396)
http://le-online.de/place/1024,http://le-online.de/place/altes-rathaus,http://le-online.de/place/altesrathaus,"Adresse(Markt 1,04109,Leipzig)",Point(12.3753423 51.340382)
http://le-online.de/place/1025,http://le-online.de/place/antikenmuseum-der-universitaet-leipzig,http://le-online.de/place/antikenmuseumderuniversitaetleipzig,"Adresse(Nikolaikirchhof 2,04109,Leipzig)",Point(12.3783697 51.3407897)
http://le-online.de/place/1026,http://le-online.de/place/bach-museum-im-bach-archiv-leipzig,http://le-online.de/place/bachmuseumimbacharchivleipzig,"Adresse(Thomaskirchhof 15-16, EG und 1. Etage,04109,Leipzig)",Point(12.3724106 51.338881)
http://le-online.de/place/1027,http://le-online.de/place/clown---museum,http://le-online.de/place/clownmuseum,"Adresse(Reiskestr. 12,04317,Leipzig)",Point(12.40515 51.32853)
http://le-online.de/place/1028,http://le-online.de/place/da-capo---oldtimermuseum-und-eventhalle,http://le-online.de/place/dacapooldtimermuseumundeventhalle,"Adresse(Karl-Heine-Str. 105,04229,Leipzig)",Point(12.32587 51.32909)
http://le-online.de/place/1029,http://le-online.de/place/deutsches-fotomuseum-markkleeberg,http://le-online.de/place/deutschesfotomuseummarkkleeberg,"Adresse(Raschwitzer Str. 11b ,04416,Markkleeberg - West)",Point(12.377924 51.2859931)
http://le-online.de/place/1030,http://le-online.de/place/forum-1813,http://le-online.de/place/forum1813,"Adresse(Straße des 18. Oktober 100,04299,Leipzig)",Point(12.3943653 51.3222147)
http://le-online.de/place/1031,http://le-online.de/place/gedenkstaette-museum-in-der-runden-ecke,http://le-online.de/place/gedenkstaettemuseuminderrundenecke,"Adresse(Dittrichring 24,04109,Leipzig)",Point(12.3716104 51.3411245)
http://le-online.de/place/1032,http://le-online.de/place/mendelssohn-haus-mit-museum,http://le-online.de/place/mendelssohnhausmitmuseum,"Adresse(Goldschmidtstr. 12,04103,Leipzig)",Point(12.383284 51.336288)
http://le-online.de/place/1033,http://le-online.de/place/museum-der-bildenden-kuenste-leipzig,http://le-online.de/place/museumderbildendenkuensteleipzig,"Adresse(Katharinenstr. 10,04109,Leipzig)",Point(12.3757553 51.3423734)
http://le-online.de/place/1034,http://le-online.de/place/museum-fuer-angewandte-kunst-im-grassi,http://le-online.de/place/museumfuerangewandtekunstimgrassi,"Adresse(Johannisplatz 5-11,04103,Leipzig)",Point(12.3878496 51.3369175)
http://le-online.de/place/1035,http://le-online.de/place/museum-fuer-druckkunst-leipzig,http://le-online.de/place/museumfuerdruckkunstleipzig,"Adresse(Nonnenstr. 38,04229,Leipzig)",Point(12.343595 51.3291332)
http://le-online.de/place/1036,http://le-online.de/place/musikinstrumentenmuseum-der-universitaet-leipzig-im-grassi,http://le-online.de/place/musikinstrumentenmuseumderuniversitaetleipzigimgrassi,"Adresse(Johannisplatz 5-11,04103,Leipzig)",Point(12.3878496 51.3369175)
http://le-online.de/place/1037,http://le-online.de/place/naturkundemuseum-leipzig,http://le-online.de/place/naturkundemuseumleipzig,"Adresse(Lortzingstr. 3,04105,Leipzig)",Point(12.3702235 51.3456266)
http://le-online.de/place/1038,http://le-online.de/place/saechsisches-apothekenmuseum-leipzig,http://le-online.de/place/saechsischesapothekenmuseumleipzig,"Adresse(Thomaskirchhof 12,04109,Leipzig)",Point(12.372853 51.3388267)
http://le-online.de/place/1039,http://le-online.de/place/saechsisches-psychiatriemuseum,http://le-online.de/place/saechsischespsychiatriemuseum,"Adresse(Friesenstr. 7,04177,Leipzig)",Point(12.3295204 51.34091)
http://le-online.de/place/1040,http://le-online.de/place/saechsisches-staatsarchiv-leipzig,http://le-online.de/place/saechsischesstaatsarchivleipzig,"Adresse(Schongauer Str. 1,04329,Leipzig)",Point(12.473399 51.3456877)
http://le-online.de/place/1041,http://le-online.de/place/schillerhaus-leipzig---gohlis,http://le-online.de/place/schillerhausleipziggohlis,"Adresse(Menckestr. 42,04155,Leipzig)",Point(12.3628899 51.3587831)
http://le-online.de/place/1042,http://le-online.de/place/sparkassenmuseum-der-sparkasse-leipzig,http://le-online.de/place/sparkassenmuseumdersparkasseleipzig,"Adresse(Schillerstr. 4 ,04109,Leipzig)",Point(12.3765352 51.3371268)
http://le-online.de/place/1043,http://le-online.de/place/stadtarchiv-leipzig,http://le-online.de/place/stadtarchivleipzig,"Adresse(Torgauer Str. 74,04318,Leipzig)",Point(12.4203403 51.3475035)
http://le-online.de/place/1044,http://le-online.de/place/stadtgeschichtliches-museum-leipzig---neubau,http://le-online.de/place/stadtgeschichtlichesmuseumleipzigneubau,"Adresse(Böttchergäßchen 3,04109,Leipzig)",Point(12.37643 51.34183)
http://le-online.de/place/1045,http://le-online.de/place/voelkerkundemuseum-zu-leipzig-im-grassi,http://le-online.de/place/voelkerkundemuseumzuleipzigimgrassi,"Adresse(Johannisplatz 5-11,04103,Leipzig)",Point(12.3878496 51.3369175)
http://le-online.de/place/1047,http://le-online.de/place/zeitgeschichtliches-forum-leipzig,http://le-online.de/place/zeitgeschichtlichesforumleipzig,"Adresse(Grimmaische Str. 6,04109,Leipzig)",Point(12.3756999 51.3400001)
http://le-online.de/place/1048,http://le-online.de/place/aktive-senioren-leipzig-e.v.,http://le-online.de/place/aktiveseniorenleipzigev,"Adresse(Döllingstr. 31,04328,Leipzig)",Point(12.45101 51.34775)
http://le-online.de/place/1049,http://le-online.de/place/am-viadukt,http://le-online.de/place/amviadukt,"Adresse(Horst-Heilmann-Str. 4,04159,Leipzig)",Point(12.3304804 51.3735073)
http://le-online.de/place/1050,http://le-online.de/place/begegnungsstaette-der-wogetra,http://le-online.de/place/begegnungsstaettederwogetra,"Adresse(Johannisplatz 2,04103,Leipzig)",Point(12.38578 51.33883)
http://le-online.de/place/1051,http://le-online.de/place/begegnungszentrum-im-gruenen-(big),http://le-online.de/place/begegnungszentrumimgruenenbig,"Adresse(Breisgaustr. 53,04209,Leipzig)",Point(12.2860732 51.3171148)
http://le-online.de/place/1052,http://le-online.de/place/begegnungszentrum-wiederitzsch,http://le-online.de/place/begegnungszentrumwiederitzsch,"Adresse(Delitzscher Landstr. 38,04158,Leipzig - Wiederitzsch)",Point(12.3770428 51.391676)
http://le-online.de/place/1053,http://le-online.de/place/durchblick-e.v.,http://le-online.de/place/durchblickev,"Adresse(Friesenstr. 7,04177,Leipzig)",Point(12.3295204 51.34091)
http://le-online.de/place/1054,http://le-online.de/place/haus-des-hoerens,http://le-online.de/place/hausdeshoerens,"Adresse(Dresdner Str. 78,04317,Leipzig)",Point(12.4048933 51.3373866)
http://le-online.de/place/1055,http://le-online.de/place/haus-leben-leipzig,http://le-online.de/place/hauslebenleipzig,"Adresse(Friesenstr. 8,04177,Leipzig)",Point(12.330197 51.3416972)
http://le-online.de/place/1056,http://le-online.de/place/haus-ohne-barrieren---villa-davignon,http://le-online.de/place/hausohnebarrierenvilladavignon,"Adresse(Friedrich-Ebert-Str. 77,04109,Leipzig)",Point(12.360121 51.3404415)
http://le-online.de/place/1057,http://le-online.de/place/heinrich-budde-haus,http://le-online.de/place/heinrichbuddehaus,"Adresse(Lützowstr. 19,04157,Leipzig)",Point(12.3737799 51.3637858)
http://le-online.de/place/1058,http://le-online.de/place/kaenguruh---suchtkontakt,http://le-online.de/place/kaenguruhsuchtkontakt,"Adresse(Beethovenstr. 21,04107,Leipzig)",Point(12.3665364 51.3318245)
http://le-online.de/place/1059,http://le-online.de/place/kulturhaus-grosse-eiche,http://le-online.de/place/kulturhausgrosseeiche,"Adresse(Leipziger Str. 81,04178,Leipzig)",Point(12.29024 51.35957)
http://le-online.de/place/1060,http://le-online.de/place/messemagistrale---stadtteilzentrum,http://le-online.de/place/messemagistralestadtteilzentrum,"Adresse(Straße des 18. Oktober 10 a,04103,Leipzig)",Point(12.3860176 51.326756)
http://le-online.de/place/1061,http://le-online.de/place/muetterzentrum---gruenau,http://le-online.de/place/muetterzentrumgruenau,"Adresse(Potschkaustr. 50,04209,Leipzig)",Point(12.28215 51.31373)
http://le-online.de/place/1062,http://le-online.de/place/muetterzentrum---paunsdorf,http://le-online.de/place/muetterzentrumpaunsdorf,"Adresse(Wiesenstr. 20,04329,Leipzig)",Point(12.4652065 51.3571744)
http://le-online.de/place/1063,http://le-online.de/place/muetterzentrum---thekla,http://le-online.de/place/muetterzentrumthekla,"Adresse(Klingenthaler Str. 14 a,04349,Leipzig)",Point(12.43335 51.37626)
http://le-online.de/place/1064,http://le-online.de/place/muetterzentrum---treffpunkt-linde,http://le-online.de/place/muetterzentrumtreffpunktlinde,"Adresse(Walter-Heinze-Str. 22 HH,04229,Leipzig)",Point(12.3358107 51.3300747)
http://le-online.de/place/1065,http://le-online.de/place/philippus-leipzig,http://le-online.de/place/philippusleipzig,"Adresse(Aurelienstr. 54,04177,Leipzig)",Point(12.329374 51.3319365)
http://le-online.de/place/1066,http://le-online.de/place/seniorenbuero-stadtbezirk-alt-west,http://le-online.de/place/seniorenbuerostadtbezirkaltwest,"Adresse(Saalfelder Str. 12,04179,Leipzig)",Point(12.3186878 51.3324153)
http://le-online.de/place/1067,http://le-online.de/place/seniorenbuero-stadtbezirk-mitte,http://le-online.de/place/seniorenbuerostadtbezirkmitte,"Adresse(Johannisplatz 2,04103,Leipzig)",Point(12.38578 51.33883)
http://le-online.de/place/1068,http://le-online.de/place/seniorenbuero-stadtbezirk-nordost,http://le-online.de/place/seniorenbuerostadtbezirknordost,"Adresse(Kieler Str. 63-65,04357,Leipzig)",Point(12.4161292 51.3752426)
http://le-online.de/place/1069,http://le-online.de/place/seniorenbuero-stadtbezirk-nordwest,http://le-online.de/place/seniorenbuerostadtbezirknordwest,"Adresse(Horst-Heilmann-Str. 4,04159,Leipzig)",Point(12.3304804 51.3735073)
http://le-online.de/place/1070,http://le-online.de/place/seniorenbuero-stadtbezirk-sued,http://le-online.de/place/seniorenbuerostadtbezirksued,"Adresse(Prinz-Eugen-Str. 1,04277,Leipzig)",Point(12.37437 51.30352)
http://le-online.de/place/1071,http://le-online.de/place/seniorenbuero-stadtbezirk-suedost,http://le-online.de/place/seniorenbuerostadtbezirksuedost,"Adresse(Stötteritzer Str. 28,04317,Leipzig)",Point(12.4067662 51.3260534)
http://le-online.de/place/1072,http://le-online.de/place/seniorenwohnpark-connewitz,http://le-online.de/place/seniorenwohnparkconnewitz,"Adresse(Biedermannstr. 40,04277,Leipzig)",Point(12.3767469 51.3068053)
http://le-online.de/place/1073,http://le-online.de/place/tageszentrum-vielfalt-mit-theater-ahnungslos,http://le-online.de/place/tageszentrumvielfaltmittheaterahnungslos,"Adresse(Oberdorfstr. 15,04299,Leipzig)",Point(12.42415 51.32174)
http://le-online.de/place/1074,http://le-online.de/place/vereinshaus-wasser-stadt-leipzig-e.v.,http://le-online.de/place/vereinshauswasserstadtleipzigev,"Adresse(Industriestr. 72 - 76,04229,Leipzig)",Point(12.3335239 51.3280481)
http://le-online.de/place/1075,http://le-online.de/place/zur-mockauer-post,http://le-online.de/place/zurmockauerpost,"Adresse(Kieler Str. 63-65,04357,Leipzig)",Point(12.4161292 51.3752426)
http://le-online.de/place/1076,http://le-online.de/place/deutsches-literaturinstitut-leipzig,http://le-online.de/place/deutschesliteraturinstitutleipzig,"Adresse(Wächterstr. 34,04107,Leipzig)",Point(12.36754 51.33381)
http://le-online.de/place/1077,http://le-online.de/place/geistes--und-sozialwissenschaftliche-fakultaet-der-universitaet-leipzig,http://le-online.de/place/geistesundsozialwissenschaftlichefakultaetderuniversitaetleipzig,"Adresse(Johannisgasse 26,04103,Leipzig)",Point(12.3854596 51.3370498)
http://le-online.de/place/1080,http://le-online.de/place/hochschule-fuer-musik-und-theater-felix-mendelssohn-bartholdy-leipzig,http://le-online.de/place/hochschulefuermusikundtheaterfelixmendelssohnbartholdyleipzig,"Adresse(Grassistr. 8 ,04107,Leipzig)",Point(12.36693 51.33209)
http://le-online.de/place/1081,http://le-online.de/place/hochschule-fuer-telekommunikation-leipzig,http://le-online.de/place/hochschulefuertelekommunikationleipzig,"Adresse(Gustav-Freytag-Str. 43-45,04277,Leipzig)",Point(12.37492 51.31287)
http://le-online.de/place/1082,http://le-online.de/place/institut-fuer-informatik-und-rechenzentrum---interim,http://le-online.de/place/institutfuerinformatikundrechenzentruminterim,"Adresse(Johannisgasse 26,04103,Leipzig)",Point(12.3854596 51.3370498)
http://le-online.de/place/1084,http://le-online.de/place/polygrafische-technik-(fb),http://le-online.de/place/polygrafischetechnikfb,"Adresse(Gutenbergplatz 2-4,04103,Leipzig)",Point(12.3930146 51.3367101)
http://le-online.de/place/1085,http://le-online.de/place/rechtswissenschaftliche-fakultaet,http://le-online.de/place/rechtswissenschaftlichefakultaet,"Adresse(Burgstr. 27 ,04109,Leipzig)",Point(12.3736356 51.3376842)
http://le-online.de/place/1086,http://le-online.de/place/sportwissenschaftliche-fakultaet,http://le-online.de/place/sportwissenschaftlichefakultaet,"Adresse(Jahnallee 59,04109,Leipzig)",Point(12.34965 51.33971)
http://le-online.de/place/1087,http://le-online.de/place/deutsche-nationalbibliothek-leipzig-bis-2006-deutsche-buecherei,http://le-online.de/place/deutschenationalbibliothekleipzigbis2006deutschebuecherei,"Adresse(Deutscher Platz 1,04103,Leipzig)",Point(12.3962302 51.3220223)
http://le-online.de/place/1088,http://le-online.de/place/deutsche-zentralbuecherei-fuer-blinde-(dzb),http://le-online.de/place/deutschezentralbuechereifuerblindedzb,"Adresse(Gustav-Adolf-Str. 7,04105,Leipzig)",Point(12.3659864 51.34489)
http://le-online.de/place/1089,http://le-online.de/place/monaliesa---feministische-bibliothek-im-lotta-e.v.,http://le-online.de/place/monaliesafeministischebibliothekimlottaev,"Adresse(Bernhard-Göring-Str. 152,04277,Leipzig)",Point(12.3761968 51.3110022)
http://le-online.de/place/1090,http://le-online.de/place/schulbibliothek-des-wilhelm-ostwald-gymnasiums,http://le-online.de/place/schulbibliothekdeswilhelmostwaldgymnasiums,"Adresse(Willi-Bredel-Str. 13,04279,Leipzig)",Point(12.40274 51.30067)
http://le-online.de/place/1091,http://le-online.de/place/stadtgeschichtliches-museum-leipzig---bibliothek,http://le-online.de/place/stadtgeschichtlichesmuseumleipzigbibliothek,"Adresse(Böttchergäßchen 3,04109,Leipzig)",Point(12.37643 51.34183)
http://le-online.de/place/1092,http://le-online.de/place/stadtbibliothek-leipzig,http://le-online.de/place/stadtbibliothekleipzig,"Adresse(Wilhelm-Leuschner-Platz 10/11,04107,Leipzig)",Point(12.37497 51.33416)
http://le-online.de/place/1093,http://le-online.de/place/bibliothek-boehlitz---ehrenberg,http://le-online.de/place/bibliothekboehlitzehrenberg,"Adresse(Leipziger Str. 81,04178,Leipzig - Böhlitz-Ehrenberg)",Point(12.29024 51.35957)
http://le-online.de/place/1094,http://le-online.de/place/bibliothek-gohlis,http://le-online.de/place/bibliothekgohlis,"Adresse(Georg-Schumann-Str. 105 ,04155,Leipzig)",Point(12.362399 51.3624549)
http://le-online.de/place/1095,http://le-online.de/place/bibliothek-gruenau-mitte,http://le-online.de/place/bibliothekgruenaumitte,"Adresse(Stuttgarter Allee 15,04209,Leipzig)",Point(12.29108 51.31665)
http://le-online.de/place/1096,http://le-online.de/place/bibliothek-gruenau-nord,http://le-online.de/place/bibliothekgruenaunord,"Adresse(Plovdiver Str. 40,04205,Leipzig)",Point(12.26907 51.3217)
http://le-online.de/place/1097,http://le-online.de/place/bibliothek-gruenau-sued,http://le-online.de/place/bibliothekgruenausued,"Adresse(An der Kotsche 11-13,04207,Leipzig)",Point(12.2671566 51.309039)
http://le-online.de/place/1098,http://le-online.de/place/bibliothek-holzhausen,http://le-online.de/place/bibliothekholzhausen,"Adresse(Arthur-Polenz-Str. 12,04288,Leipzig)",Point(12.45528 51.30534)
http://le-online.de/place/1099,http://le-online.de/place/bibliothek-luetzschena---stahmeln,http://le-online.de/place/bibliothekluetzschenastahmeln,"Adresse(Am Brunnen 4,04159,Leipzig - Lützschena-Stahmeln)",Point(12.271302 51.383528)
http://le-online.de/place/1100,http://le-online.de/place/bibliothek-mockau,http://le-online.de/place/bibliothekmockau,"Adresse(Essener Str. 102,04357,Leipzig)",Point(12.4116908 51.3750233)
http://le-online.de/place/1101,http://le-online.de/place/bibliothek-paunsdorf,http://le-online.de/place/bibliothekpaunsdorf,"Adresse(Platanenstr. 37,04329,Leipzig)",Point(12.46215 51.35599)
http://le-online.de/place/1102,http://le-online.de/place/bibliothek-plagwitz-georg-maurer-bibliothek,http://le-online.de/place/bibliothekplagwitzgeorgmaurerbibliothek,"Adresse(Zschochersche Str. 14,04229,Leipzig)",Point(12.3391821 51.3337582)
http://le-online.de/place/1103,http://le-online.de/place/bibliothek-reudnitz,http://le-online.de/place/bibliothekreudnitz,"Adresse(Dresdner Str. 80 ,04317,Leipzig)",Point(12.4048636 51.3373494)
http://le-online.de/place/1104,http://le-online.de/place/bibliothek-schoenefeld,http://le-online.de/place/bibliothekschoenefeld,"Adresse(Shukowstr. 56,04347,Leipzig)",Point(12.41566 51.35591)
http://le-online.de/place/1105,http://le-online.de/place/bibliothek-suedvorstadt-walter-hofmann,http://le-online.de/place/bibliotheksuedvorstadtwalterhofmann,"Adresse(Steinstr. 42,04275,Leipzig)",Point(12.37572 51.31729)
http://le-online.de/place/1106,http://le-online.de/place/bibliothek-volkmarsdorf,http://le-online.de/place/bibliothekvolkmarsdorf,"Adresse(Torgauer Platz 3, 2. Etage,04315,Leipzig)",Point(12.4152346 51.3460507)
http://le-online.de/place/1107,http://le-online.de/place/bibliothek-wiederitzsch,http://le-online.de/place/bibliothekwiederitzsch,"Adresse(Zur Schule 10 a,04158,Leipzig)",Point(12.37299 51.39356)
http://le-online.de/place/1109,http://le-online.de/place/christoph-arnold-schule,http://le-online.de/place/christopharnoldschule,"Adresse(Gaswerksweg 1,04319,Leipzig)",Point(12.48812 51.34063)
http://le-online.de/place/1110,http://le-online.de/place/erich-zeigner-schule,http://le-online.de/place/erichzeignerschule,"Adresse(Erich-Zeigner-Allee 24,04229,Leipzig)",Point(12.3396535 51.3299277)
http://le-online.de/place/1111,http://le-online.de/place/evangelisches-schulzentrum---neubau,http://le-online.de/place/evangelischesschulzentrumneubau,"Adresse(Schletterstr. 7,04107,Leipzig)",Point(12.3770225 51.3304063)
http://le-online.de/place/1112,http://le-online.de/place/montessori-schulzentrum-leipzig,http://le-online.de/place/montessorischulzentrumleipzig,"Adresse(Alte Salzstr. 61 - 65,04209,Leipzig)",Point(12.29989 51.32122)
http://le-online.de/place/1113,http://le-online.de/place/nachbarschaftsschule-haus-1,http://le-online.de/place/nachbarschaftsschulehaus1,"Adresse(Gemeindeamtsstraße 8/10,04177,Leipzig)",Point(12.3327639 51.3371785)
http://le-online.de/place/1114,http://le-online.de/place/pablo-neruda-schule,http://le-online.de/place/pablonerudaschule,"Adresse(Tarostr. 6,04103,Leipzig)",Point(12.38683 51.32531)
http://le-online.de/place/1115,http://le-online.de/place/68.-oberschule,http://le-online.de/place/68oberschule,"Adresse(Breitenfelder Str. 19,04155,Leipzig)",Point(12.36138 51.36378)
http://le-online.de/place/1116,http://le-online.de/place/apollonia-von-wiedebach-schule,http://le-online.de/place/apolloniavonwiedebachschule,"Adresse(Arno-Nitzsche-Str. 7,04277,Leipzig)",Point(12.3763888 51.3103562)
http://le-online.de/place/1117,http://le-online.de/place/evangelisches-schulzentrum---altbau,http://le-online.de/place/evangelischesschulzentrumaltbau,"Adresse(Schletterstr. 7,04107,Leipzig)",Point(12.3770225 51.3304063)
http://le-online.de/place/1118,http://le-online.de/place/immanuel---kant---schule,http://le-online.de/place/immanuelkantschule,"Adresse(Scharnhorststr. 15,04275,Leipzig)",Point(12.3722339 51.3197864)
http://le-online.de/place/1119,http://le-online.de/place/leipzig-kolleg-institut-zum-erwerb-der-hochschulfeife,http://le-online.de/place/leipzigkolleginstitutzumerwerbderhochschulfeife,"Adresse(Czermaks Garten 8,04103,Leipzig)",Point(12.38711 51.34187)
http://le-online.de/place/1120,http://le-online.de/place/rahn-schulen-musikalisch-sportliches-gymnasium,http://le-online.de/place/rahnschulenmusikalischsportlichesgymnasium,"Adresse(Salomonstr. 10,04103,Leipzig)",Point(12.3894488 51.339675)
http://le-online.de/place/1121,http://le-online.de/place/wilhelm-ostwald-schule-(gymnasium),http://le-online.de/place/wilhelmostwaldschulegymnasium,"Adresse(Willi-Bredel-Str. 15,04279,Leipzig)",Point(12.40243 51.30021)
http://le-online.de/place/1122,http://le-online.de/place/berufliches-schulzentrum-1---wirtschaft-und-verwaltung,http://le-online.de/place/beruflichesschulzentrum1wirtschaftundverwaltung,"Adresse(Crednerstr. 1,04289,Leipzig)",Point(12.42843 51.3044079)
http://le-online.de/place/1123,http://le-online.de/place/adolph-diesterweg-schule,http://le-online.de/place/adolphdiesterwegschule,"Adresse(Portitzer Str. 1 ,04318,Leipzig)",Point(12.4252807 51.3440666)
http://le-online.de/place/1124,http://le-online.de/place/dr.-georg-sacke-schule,http://le-online.de/place/drgeorgsackeschule,"Adresse(Morawitzstr. 2,04289,Leipzig)",Point(12.44245 51.3062)
http://le-online.de/place/1125,http://le-online.de/place/ernst-zinna-schule,http://le-online.de/place/ernstzinnaschule,"Adresse(Wincklerstr. 3,04279,Leipzig)",Point(12.39544 51.28686)
http://le-online.de/place/1126,http://le-online.de/place/fritz-gietzelt-schule,http://le-online.de/place/fritzgietzeltschule,"Adresse(Kantatenweg 40,04229,Leipzig)",Point(12.33251 51.31649)
http://le-online.de/place/1127,http://le-online.de/place/johann-heinrich-pestalozzi-schule,http://le-online.de/place/johannheinrichpestalozzischule,"Adresse(Hannoversche Str. 2,04157,Leipzig)",Point(12.36368 51.37495)
http://le-online.de/place/1130,http://le-online.de/place/schule-engelsdorf,http://le-online.de/place/schuleengelsdorf,"Adresse(Riesaer Str. 177,04319,Leipzig)",Point(12.49159 51.34699)
http://le-online.de/place/1131,http://le-online.de/place/schule-schloss-schoenefeld-e.v.,http://le-online.de/place/schuleschlossschoenefeldev,"Adresse(Zeumer Str. 1-2,04347,Leipzig)",Point(12.40607 51.35943)
http://le-online.de/place/1132,http://le-online.de/place/alte-strasse,http://le-online.de/place/altestrasse,"Adresse(Alte Str. 2,04229,Leipzig)",Point(12.34192 51.3316)
http://le-online.de/place/1133,http://le-online.de/place/am-kulkwitzer-see,http://le-online.de/place/amkulkwitzersee,"Adresse(Zingster Str. 2 c,04207,Leipzig)",Point(12.2616572 51.3109927)
http://le-online.de/place/1134,http://le-online.de/place/an-der-lehde,http://le-online.de/place/anderlehde,"Adresse(An der Lehde 12 B,04179,Leipzig)",Point(12.32218 51.34556)
http://le-online.de/place/1135,http://le-online.de/place/arthur-nagel-strasse,http://le-online.de/place/arthurnagelstrasse,"Adresse(Arthur-Nagel-Str. 1 A/B,04249,Leipzig)",Point(12.3237417 51.3073579)
http://le-online.de/place/1138,http://le-online.de/place/bauernhofkindergarten-moelkau-im-Ökogut,http://le-online.de/place/bauernhofkindergartenmoelkauimkogut,"Adresse(Kelbestr. 3,04316,Leipzig)",Point(12.45162 51.32685)
http://le-online.de/place/1139,http://le-online.de/place/bei-den-schluempfen,http://le-online.de/place/beidenschluempfen,"Adresse(Zittauer Str. 2a,04347,Leipzig)",Point(12.41429 51.35575)
http://le-online.de/place/1140,http://le-online.de/place/blauer-elefant---kinderhaus-mit-integrativer-kindertagesstaette,http://le-online.de/place/blauerelefantkinderhausmitintegrativerkindertagesstaette,"Adresse(Tarostr. 17 - 19 ,04103,Leipzig)",Point(12.388308 51.323277)
http://le-online.de/place/1145,http://le-online.de/place/gruenauer-allee,http://le-online.de/place/gruenauerallee,"Adresse(Grünauer Allee 18,04209,Leipzig)",Point(12.3069739 51.31824)
http://le-online.de/place/1146,http://le-online.de/place/hand-in-hand---kinderkrippe-und-kindergarten,http://le-online.de/place/handinhandkinderkrippeundkindergarten,"Adresse(Linnéstr. 12,04103,Leipzig)",Point(12.39243 51.32602)
http://le-online.de/place/1147,http://le-online.de/place/haus-kinderland,http://le-online.de/place/hauskinderland,"Adresse(Neptunweg 29 a,04205,Leipzig)",Point(12.269104 51.3244204)
http://le-online.de/place/1149,http://le-online.de/place/kaenguru-(dschungel),http://le-online.de/place/kaengurudschungel,"Adresse(Gundermannstr. 16,04329,Leipzig)",Point(12.46307 51.35132)
http://le-online.de/place/1150,http://le-online.de/place/kaenguru---holzhaeuser-strasse,http://le-online.de/place/kaenguruholzhaeuserstrasse,"Adresse(Holzhäuser Str. 15,04299,Leipzig)",Point(12.4113546 51.3193207)
http://le-online.de/place/1151,http://le-online.de/place/kaenguru---richard-lehmann-strasse,http://le-online.de/place/kaengururichardlehmannstrasse,"Adresse(Richard-Lehmann-Str. 28 - 30,04275,Leipzig)",Point(12.3709566 51.3144861)
http://le-online.de/place/1153,http://le-online.de/place/kinderwerkstatthaus-gross-und-klein---guk,http://le-online.de/place/kinderwerkstatthausgrossundkleinguk,"Adresse(Neue Leipziger Str. 39,04205,Leipzig)",Point(12.26483 51.32024)
http://le-online.de/place/1156,http://le-online.de/place/kleiner-kiebitz,http://le-online.de/place/kleinerkiebitz,"Adresse(Bisamstr. 17,04329,Leipzig)",Point(12.4721116 51.3564623)
http://le-online.de/place/1157,http://le-online.de/place/kleiner-muck,http://le-online.de/place/kleinermuck,"Adresse(Tarostr. 9,04103,Leipzig)",Point(12.387026 51.3242817)
http://le-online.de/place/1160,http://le-online.de/place/lobstaedter-strasse,http://le-online.de/place/lobstaedterstrasse,"Adresse(Lobstädter Str. 14 a,04279,Leipzig)",Point(12.3891372 51.2980356)
http://le-online.de/place/1161,http://le-online.de/place/loessnig-ii,http://le-online.de/place/loessnigii,"Adresse(Kurt-Tucholsky-Str. 12,04279,Leipzig)",Point(12.4033265 51.3019471)
http://le-online.de/place/1162,http://le-online.de/place/maerchenland---kinderkrippe-und-kindergarten,http://le-online.de/place/maerchenlandkinderkrippeundkindergarten,"Adresse(Gerhard-Ellrodt-Str. 17 A,04249,Leipzig)",Point(12.3214081 51.2996183)
http://le-online.de/place/1163,http://le-online.de/place/marienkirchen-kindertagesstaette-(ev.-luth.),http://le-online.de/place/marienkirchenkindertagesstaetteevluth,"Adresse(Sommerfelder Str. 29,04299,Leipzig)",Point(12.4274998 51.3209338)
http://le-online.de/place/1164,http://le-online.de/place/max-und-moritz-(kita-und-hort),http://le-online.de/place/maxundmoritzkitaundhort,"Adresse(Gersterstr. 9/9a,04279,Leipzig)",Point(12.39014 51.2949)
http://le-online.de/place/1165,http://le-online.de/place/mosaik---evangelische-kindertagesstaette,http://le-online.de/place/mosaikevangelischekindertagesstaette,"Adresse(Ferdinand-Rhode-Str. 17 a ,04107,Leipzig)",Point(12.3662144 51.3303967)
http://le-online.de/place/1166,http://le-online.de/place/naseweis---kinderhaus,http://le-online.de/place/naseweiskinderhaus,"Adresse(Jörgen-Schmidtchen-Weg 4,04157,Leipzig)",Point(12.359673 51.3799062)
http://le-online.de/place/1167,http://le-online.de/place/naturkindergarten-wassermuehle,http://le-online.de/place/naturkindergartenwassermuehle,"Adresse(Vollhardtstr. 16,04279,Leipzig)",Point(12.38815 51.28914)
http://le-online.de/place/1168,http://le-online.de/place/naturkindertagesstaette-sonnenschein,http://le-online.de/place/naturkindertagesstaettesonnenschein,"Adresse(Diezmannstr. 87 a,04207,Leipzig)",Point(12.3171773 51.3157149)
http://le-online.de/place/1172,http://le-online.de/place/raxlifaxli---kinderkrippe-und-kindergarten,http://le-online.de/place/raxlifaxlikinderkrippeundkindergarten,"Adresse(Königsteinstr. 70,04207,Leipzig)",Point(12.2644651 51.3054459)
http://le-online.de/place/1173,http://le-online.de/place/regenbogen---kindergarten-und-hort,http://le-online.de/place/regenbogenkindergartenundhort,"Adresse(Kantor-Andrä-Str. 16 ,04178,Leipzig Böhlitz-Ehrenberg)",Point(12.2882268 51.3546032)
http://le-online.de/place/1178,http://le-online.de/place/spielhaus-an-der-linde,http://le-online.de/place/spielhausanderlinde,"Adresse(Roßmarktstr. 6,04177,Leipzig)",Point(12.3353134 51.3395489)
http://le-online.de/place/1179,http://le-online.de/place/spielhaus-thekla,http://le-online.de/place/spielhausthekla,"Adresse(Stollberger Str. 8,04349,Leipzig)",Point(12.4336116 51.3785676)
http://le-online.de/place/1180,http://le-online.de/place/st.-martin---christliche-integrations-kindertagesstaette,http://le-online.de/place/stmartinchristlicheintegrationskindertagesstaette,"Adresse(Am Kirschberg 37,04209,Leipzig)",Point(12.2820472 51.3185624)
http://le-online.de/place/1181,http://le-online.de/place/theodor-neubauer-strasse,http://le-online.de/place/theodorneubauerstrasse,"Adresse(Theodor-Neubauer-Str. 18,04318,Leipzig)",Point(12.4135 51.33533)
http://le-online.de/place/1182,http://le-online.de/place/villa-kunterbunt,http://le-online.de/place/villakunterbunt,"Adresse(Oststr. 185,04317,Leipzig)",Point(12.42175 51.32342)
http://le-online.de/place/1183,http://le-online.de/place/waldorf-kindergarten,http://le-online.de/place/waldorfkindergarten,"Adresse(Jörgen-Schmidtchen-Weg 6,04157,Leipzig)",Point(12.361111 51.3798985)
http://le-online.de/place/1184,http://le-online.de/place/wolkser-kinderland,http://le-online.de/place/wolkserkinderland,"Adresse(Güldengossaer Str. 6-8,04288,Leipzig)",Point(12.459114 51.2822459)
http://le-online.de/place/1185,http://le-online.de/place/wurzner-strasse,http://le-online.de/place/wurznerstrasse,"Adresse(Wurzner Str. 122,04315,Leipzig)",Point(12.4184606 51.3438095)
http://le-online.de/place/1187,http://le-online.de/place/geschwister-scholl-schule,http://le-online.de/place/geschwisterschollschule,"Adresse(Am Angerteich 2,04288,Leipzig - Liebertwolkwitz)",Point(12.4588609 51.2844539)
http://le-online.de/place/1188,http://le-online.de/place/heinrich-mann-schule,http://le-online.de/place/heinrichmannschule,"Adresse(Schwarzenbergweg 4,04289,Leipzig)",Point(12.44056 51.29106)
http://le-online.de/place/1190,http://le-online.de/place/die-wasserfroesche,http://le-online.de/place/diewasserfroesche,"Adresse(An der Querbreite 4,04129,Leipzig)",Point(12.3874 51.37097)
http://le-online.de/place/1191,http://le-online.de/place/dr.-baerchen,http://le-online.de/place/drbaerchen,"Adresse(Berthastr. 17,04357,Leipzig)",Point(12.40499 51.3646)
http://le-online.de/place/1193,http://le-online.de/place/kleine-fuechse,http://le-online.de/place/kleinefuechse,"Adresse(Frohburger Str. 33 d,04277,Leipzig)",Point(12.3811982 51.3110526)
http://le-online.de/place/1194,http://le-online.de/place/maerchenwiese---heilpaedagogische-kindertagesstaette,http://le-online.de/place/maerchenwieseheilpaedagogischekindertagesstaette,"Adresse(An der Märchenwiese 3,04277,Leipzig)",Point(12.39306 51.30574)
http://le-online.de/place/1195,http://le-online.de/place/montessori-kinderhaus,http://le-online.de/place/montessorikinderhaus,"Adresse(Andromedaweg 25,04205,Leipzig)",Point(12.26897 51.3194618)
http://le-online.de/place/1200,http://le-online.de/place/nathanael---evangelische-kindertagesstaette,http://le-online.de/place/nathanaelevangelischekindertagesstaette,"Adresse(Rietschelstr. 12 ,04177,Leipzig)",Point(12.33283 51.33959)
http://le-online.de/place/1201,http://le-online.de/place/gohliser-muehle---kindertagesstaette,http://le-online.de/place/gohlisermuehlekindertagesstaette,"Adresse(Platnerstr. 11 ,04155,Leipzig)",Point(12.3604265 51.3587471)
http://le-online.de/place/1202,http://le-online.de/place/astronomisches-zentrum-schkeuditz,http://le-online.de/place/astronomischeszentrumschkeuditz,"Adresse(Bergbreite 1,04435,Schkeuditz)",Point(12.22558 51.39554)
http://le-online.de/place/1203,http://le-online.de/place/aula-grundschule-engelsdorf-christoph-arnold,http://le-online.de/place/aulagrundschuleengelsdorfchristopharnold,"Adresse(Gaswerksweg 1,04439,Leipzig - Engelsdorf)",Point(12.48812 51.34063)
http://le-online.de/place/1005,http://le-online.de/place/voelkerschlachtdenkmal,http://le-online.de/place/voelkerschlachtdenkmal,"Adresse(Str. des 18. Oktober 100,04299,Leipzig)",Point(12.3943653 51.3222147)
http://le-online.de/place/1078,http://le-online.de/place/geographie,http://le-online.de/place/geographie,"Adresse(Johannisallee 19,04103,Leipzig)",Point(12.3944931 51.3315524)
http://le-online.de/place/1079,http://le-online.de/place/geowissenschaften,http://le-online.de/place/geowissenschaften,"Adresse(Talstr. 35,04103,Leipzig)",Point(12.38584 51.33194)
http://le-online.de/place/1083,http://le-online.de/place/physik,http://le-online.de/place/physik,"Adresse(Linnéstr. 5,04103,Leipzig)",Point(12.391913 51.326965)
http://le-online.de/place/1108,http://le-online.de/place/fahrbibliothek,http://le-online.de/place/fahrbibliothek,"Adresse(An der Kotsche 11-13 ,04207,Leipzig)",Point(12.2671566 51.309039)
http://le-online.de/place/1128,http://le-online.de/place/lindenhofschule,http://le-online.de/place/lindenhofschule,"Adresse(Delitzscher Str. 110,04129,Leipzig)",Point(12.38636 51.37005)
http://le-online.de/place/1129,http://le-online.de/place/martinschule,http://le-online.de/place/martinschule,"Adresse(Neptunweg 31,04205,Leipzig)",Point(12.26759 51.32446)
http://le-online.de/place/1136,http://le-online.de/place/baerchenland,http://le-online.de/place/baerchenland,"Adresse(Pistorisstr. 10,04229,Leipzig)",Point(12.34227 51.31567)
http://le-online.de/place/1137,http://le-online.de/place/baestleinstrasse,http://le-online.de/place/baestleinstrasse,"Adresse(Bästleinstr. 18,04347,Leipzig)",Point(12.42881 51.35517)
http://le-online.de/place/1141,http://le-online.de/place/bummi,http://le-online.de/place/bummi,"Adresse(Yorckstr. 43 A/B,04159,Leipzig)",Point(12.3436006 51.3699986)
http://le-online.de/place/1142,http://le-online.de/place/eisenbahnstrasse,http://le-online.de/place/eisenbahnstrasse,"Adresse(Eisenbahnstr. 52 A/B,04315,Leipzig)",Point(12.4023774 51.3458191)
http://le-online.de/place/1143,http://le-online.de/place/elsbethstift,http://le-online.de/place/elsbethstift,"Adresse(Elsbethstr. 38,04155,Leipzig)",Point(12.36276 51.36395)
http://le-online.de/place/1144,http://le-online.de/place/froebelchen,http://le-online.de/place/froebelchen,"Adresse(Friedrichshafner Str. 147 b,04357,Leipzig)",Point(12.40502 51.3774)
http://le-online.de/place/1148,http://le-online.de/place/igelnest,http://le-online.de/place/igelnest,"Adresse(Weißdornstr. 2,04209,Leipzig)",Point(12.29445 51.32182)
http://le-online.de/place/1152,http://le-online.de/place/kantatenweg,http://le-online.de/place/kantatenweg,"Adresse(Kantatenweg 41 A,04229,Leipzig)",Point(12.33363 51.31817)
http://le-online.de/place/1154,http://le-online.de/place/kinderland,http://le-online.de/place/kinderland,"Adresse(Garskestr. 17,04205,Leipzig)",Point(12.28779 51.32586)
http://le-online.de/place/1155,http://le-online.de/place/kitamo,http://le-online.de/place/kitamo,"Adresse(Mothesstr. 2,04129,Leipzig)",Point(12.38379 51.37316)
http://le-online.de/place/1158,http://le-online.de/place/knirpsenstadt,http://le-online.de/place/knirpsenstadt,"Adresse(Hermann-Liebmann-Str. 99,04315,Leipzig)",Point(12.4062004 51.347466)
http://le-online.de/place/1159,http://le-online.de/place/lipsiland,http://le-online.de/place/lipsiland,"Adresse(Herloßsohnstr. 20, EG,04155,Leipzig)",Point(12.35509 51.36017)
http://le-online.de/place/1169,http://le-online.de/place/pfiffikus,http://le-online.de/place/pfiffikus,"Adresse(Bertholt-Brecht-Str. 11,04347,Leipzig)",Point(12.4294967 51.3565485)
http://le-online.de/place/1170,http://le-online.de/place/puenktchen,http://le-online.de/place/puenktchen,"Adresse(Hans-Otto-Str. 2B,04279,Leipzig)",Point(12.39385 51.30261)
http://le-online.de/place/1171,http://le-online.de/place/rappelkiste,http://le-online.de/place/rappelkiste,"Adresse(Zweinanundorfer Str. 167, Flachbau,04316,Leipzig)",Point(12.4533516 51.3245396)
http://le-online.de/place/1174,http://le-online.de/place/schuetzstrasse,http://le-online.de/place/schuetzstrasse,"Adresse(Schützstr. 2,04179,Leipzig)",Point(12.32063 51.35304)
http://le-online.de/place/1175,http://le-online.de/place/seumestrasse,http://le-online.de/place/seumestrasse,"Adresse(Seumestr. 99,04249,Leipzig)",Point(12.3117944 51.2782144)
http://le-online.de/place/1176,http://le-online.de/place/sonnenstrahl,http://le-online.de/place/sonnenstrahl,"Adresse(Louis-Fürnberg-Str. 19,04318,Leipzig)",Point(12.42648 51.34855)
http://le-online.de/place/1177,http://le-online.de/place/spatzennest,http://le-online.de/place/spatzennest,"Adresse(Poserstr. 55 ,04347,Leipzig)",Point(12.42545 51.35373)
http://le-online.de/place/1186,http://le-online.de/place/zwergenland,http://le-online.de/place/zwergenland,"Adresse(Baalsdorfer Str. 130 ,04316,Leipzig-Mölkau)",Point(12.4811597 51.3260724)
http://le-online.de/place/1189,http://le-online.de/place/biedermann,http://le-online.de/place/biedermann,"Adresse(Biedermannstr. 23,04277,Leipzig)",Point(12.3761079 51.3077112)
http://le-online.de/place/1192,http://le-online.de/place/familiengarten,http://le-online.de/place/familiengarten,"Adresse(Schenkendorfstr. 10,04275,Leipzig)",Point(12.371178 51.3243328)
http://le-online.de/place/1196,http://le-online.de/place/nasch,http://le-online.de/place/nasch,"Adresse(Odermannstr. 4 ,04177,Leipzig)",Point(12.33231 51.33711)
http://le-online.de/place/1197,http://le-online.de/place/prisma,http://le-online.de/place/prisma,"Adresse(Demmeringstr. 125,04179,Leipzig)",Point(12.3167643 51.3328987)
http://le-online.de/place/1198,http://le-online.de/place/waldorfschulkindergarten,http://le-online.de/place/waldorfschulkindergarten,"Adresse(Friedrichshafner Str. 25,04357,Leipzig)",Point(12.4067229 51.3674068)
http://le-online.de/place/1199,http://le-online.de/place/miniuniversum,http://le-online.de/place/miniuniversum,"Adresse(Liebigstr. 22 b ,04103,Leipzig)",Point(12.3897224 51.3312018)
